{
  "!type": "Listgroup_bs4",
  "appearances": "default\nsuccess\ninfo\ndanger",
  "backgroundColor": "",
  "bottom": "auto",
  "cached_js": "",
  "cached_js_script_hash": "d41d8cd98f00b204e9800998ecf8427e",
  "children": [],
  "class": "",
  "color": "",
  "disabled": "",
  "display": "",
  "expanded_pmp": null,
  "fontFamily": "",
  "fontSize": "",
  "fontStyle": "",
  "fontWeight": "",
  "height": "auto",
  "hidden": "",
  "icons": "",
  "id": "lstFood",
  "itemBadges": "",
  "items": "Listgroup Item 1\n>Item 2\nItem 3 \nItem 4",
  "left": 18,
  "listStyle": "div",
  "mAll": "",
  "mBottom": "",
  "mLeft": "",
  "mRight": "",
  "mTop": "",
  "onclick": "lstFood.onclick()",
  "onmousedown": "",
  "onmousemove": "",
  "onmouseout": "",
  "onmouseup": "",
  "onresize": "",
  "ontouchend": "",
  "ontouchmove": "",
  "ontouchstart": "",
  "pAll": "",
  "pBottom": "",
  "pLeft": "",
  "pRight": "",
  "pTop": "",
  "popBody": "Body",
  "popClose": "hover",
  "popPosition": "",
  "popStyle": "popover",
  "popTitle": "Title",
  "right": "auto",
  "script": "",
  "style": "class=list-group-item",
  "top": 44,
  "width": 127
}